INSERT INTO product (id, name, price, in_stock) VALUES (1, 'Fresh Sweet Basil', 4.990, 1);
INSERT INTO product (id, name, price, in_stock) VALUES (2, 'Italian Tomato', 1.250, 0);
INSERT INTO product (id, name, price, in_stock) VALUES (3, 'Yellow Bell Pepper', 2.500, 1);
INSERT INTO product (id, name, price, in_stock) VALUES (4, 'Old Cheddar', 18.750, 1);
INSERT INTO product (id, name, price, in_stock) VALUES (5, 'Extra Virgin Coconut Oil', 6.340, 1);
INSERT INTO user (id, firstname, lastname, nationality, age) VALUES (1, 'jinseok', 'Heo', 'korea', 33);
INSERT INTO user (id, firstname, lastname, nationality, age) VALUES (2, 'gildong', 'hong', 'korea', 33);
INSERT INTO customer (id, name, customer_since) VALUES (1, 'James Cucumber', '2006-04-02');
INSERT INTO customer (id, name, customer_since) VALUES (2, 'Anna Lettuce', '2005-01-30');
INSERT INTO customer (id, name, customer_since) VALUES (3, 'Boris Tomato', '2008-12-02');
INSERT INTO customer (id, name, customer_since) VALUES (4, 'Shannon Parsley', '2009-03-24');
INSERT INTO customer (id, name, customer_since) VALUES (5, 'Susan Cheddar', '2007-10-01');
INSERT INTO customer (id, name, customer_since) VALUES (6, 'George Garlic', '2010-05-18');
INSERT INTO comment (id, comment_text, product_id) VALUES (1, 'I''m so sad this product is no longer available!', 1);
INSERT INTO comment (id, comment_text, product_id) VALUES (2, 'When do you expect to have it back?', 1);
INSERT INTO comment (id, comment_text, product_id) VALUES (3, 'Very tasty! I''d definitely buy it again!', 2);
INSERT INTO comment (id, comment_text, product_id) VALUES (4, 'My kids love it!', 3);
INSERT INTO comment (id, comment_text, product_id) VALUES (5, 'Good, my basic breakfast cereal. Though maybe a bit in the sweet side...', 4);
INSERT INTO orderline (order_id, product_id, amount, purchase_price) VALUES (1, 1, 10, 40.300);
INSERT INTO orderline (order_id, product_id, amount, purchase_price) VALUES (2, 1, 20, 50.100);
INSERT INTO orderline (order_id, product_id, amount, purchase_price) VALUES (3, 1, 39, 10.000);
INSERT INTO orders (id, order_date, customer_id) VALUES (1, '2009-01-12', 4);
INSERT INTO orders (id, order_date, customer_id) VALUES (2, '2010-06-09', 6);
INSERT INTO orders (id, order_date, customer_id) VALUES (3, '2010-07-18', 1);